,Gender,Married,Education,Self_Employed,ApplicantIncome,CoapplicantIncome,LoanAmount,Loan_Amount_Term,Credit_History,Property_Area,Dependents,1,ML_Loan_Status,Loan_Status
0,1,2,1,2,5849,0.0,128.0,360.0,1.0,3,0,0.7912114476508098,1,1
1,1,1,1,2,4583,1508.0,128.0,360.0,1.0,1,1,0.7545110557100073,1,0
2,1,1,1,1,3000,0.0,66.0,360.0,1.0,3,0,0.1436993528211863,0,1
3,1,1,2,2,2583,2358.0,120.0,360.0,1.0,3,0,0.8992446614388209,1,1
4,1,2,1,2,6000,0.0,141.0,360.0,1.0,3,0,0.7940819160292006,1,1
5,1,1,1,1,5417,4196.0,267.0,360.0,1.0,3,2,0.7820045844275642,1,1
6,1,1,2,2,2333,1516.0,95.0,360.0,1.0,3,0,0.9053786894346659,1,1
7,1,1,1,2,3036,2504.0,158.0,360.0,0.0,2,3,0.7414084934641251,1,0
8,1,1,1,2,4006,1526.0,168.0,360.0,1.0,3,2,0.6854966329028038,1,1
9,1,1,1,2,12841,10968.0,349.0,360.0,1.0,2,1,0.6742178223448216,1,0
10,1,1,1,2,3200,700.0,70.0,360.0,1.0,3,2,0.8312740679366041,1,1
11,1,1,1,2,2500,1840.0,109.0,360.0,1.0,3,2,0.7870181885068426,1,1
12,1,1,1,2,3073,8106.0,200.0,360.0,1.0,3,2,0.8237677591529444,1,1
13,1,2,1,2,1853,2840.0,114.0,360.0,1.0,1,0,0.859686848413319,1,0
14,1,1,1,2,1299,1086.0,17.0,120.0,1.0,3,2,0.7944722363629423,1,1
15,1,2,1,2,4950,0.0,125.0,360.0,1.0,3,0,0.7799178255301878,1,1
16,1,2,2,2,3596,0.0,100.0,240.0,1.0,3,1,0.7914234959366873,1,1
17,2,2,1,2,3510,0.0,76.0,360.0,0.0,3,0,0.7770391340714603,1,0
18,1,1,2,2,4887,0.0,133.0,360.0,1.0,1,0,0.6812026098383244,1,0
19,1,1,1,2,2600,3500.0,115.0,360.0,1.0,3,0,0.07628008765526352,0,1
20,1,1,2,2,7660,0.0,104.0,360.0,0.0,3,0,0.7671403256932363,1,0
21,1,1,1,2,5955,5625.0,315.0,360.0,1.0,3,1,0.6695400174332629,1,1
22,1,1,2,2,2600,1911.0,116.0,360.0,0.0,2,0,0.6789583208859709,1,0
23,1,1,2,2,3365,1917.0,112.0,360.0,0.0,1,2,0.822602739441615,1,0
24,1,1,1,2,3717,2925.0,151.0,360.0,1.0,2,1,0.810491116602032,1,0
25,1,1,1,1,9560,0.0,191.0,360.0,1.0,2,0,0.11605558185482735,0,1
26,1,1,1,2,2799,2253.0,122.0,360.0,1.0,2,0,0.13603996208862779,0,1
27,1,1,2,2,4226,1040.0,110.0,360.0,1.0,3,2,0.770372471022686,1,1
28,1,2,2,2,1442,0.0,35.0,360.0,1.0,3,0,0.8395660974469599,1,0
29,2,2,1,2,3750,2083.0,120.0,360.0,1.0,2,2,0.6480880510233348,1,1
30,1,1,1,2,4166,3369.0,201.0,360.0,1.0,3,1,0.15534499283252823,0,0
31,1,2,1,2,3167,0.0,74.0,360.0,1.0,3,0,0.8464667394847432,1,0
32,1,2,1,1,4692,0.0,106.0,360.0,1.0,1,1,0.7308004263497182,1,0
33,1,1,1,2,3500,1667.0,114.0,360.0,1.0,2,0,0.6731032506663069,1,1
34,1,2,1,2,12500,3000.0,320.0,360.0,1.0,1,3,0.8030571010345543,1,0
35,1,1,1,2,2275,2067.0,128.0,360.0,1.0,3,0,0.8042057252928321,1,1
36,1,1,1,2,1828,1330.0,100.0,360.0,0.0,3,0,0.6823500788772868,1,0
37,2,1,1,2,3667,1459.0,144.0,360.0,1.0,2,0,0.7261093229346802,1,1
38,1,2,1,2,4166,7210.0,184.0,360.0,1.0,3,0,0.8287039776318734,1,1
39,1,2,2,2,3748,1668.0,110.0,360.0,1.0,2,0,0.7806892415242122,1,1
40,1,2,1,2,3600,0.0,80.0,360.0,1.0,3,0,0.8617505435824029,1,0
41,1,2,1,2,1800,1213.0,47.0,360.0,1.0,3,0,0.6859173805147997,1,1
42,1,1,1,2,2400,0.0,75.0,360.0,1.0,3,0,0.7269254575526034,1,1
43,1,1,1,2,3941,2336.0,134.0,360.0,1.0,2,0,0.8445048707882453,1,1
44,1,1,2,1,4695,0.0,96.0,360.0,1.0,3,0,0.725845389795476,1,1
45,2,2,1,2,3410,0.0,88.0,360.0,1.0,3,0,0.12421426456886255,0,1
46,1,1,1,2,5649,0.0,44.0,360.0,1.0,3,1,0.5958670135165038,1,1
47,1,1,1,2,5821,0.0,144.0,360.0,1.0,3,0,0.12669581883111405,0,1
48,2,1,1,2,2645,3440.0,120.0,360.0,0.0,3,0,0.9132742015640112,1,0
49,2,2,1,2,4000,2275.0,144.0,360.0,1.0,2,0,0.834959818262766,1,1
50,2,1,2,2,1928,1644.0,100.0,360.0,1.0,2,0,0.8053268450827862,1,1
51,2,2,1,2,3086,0.0,120.0,360.0,1.0,2,0,0.6500359657576643,1,1
52,2,2,1,2,4230,0.0,112.0,360.0,1.0,2,0,0.6778095625605774,1,0
53,1,1,1,2,4616,0.0,134.0,360.0,1.0,3,2,0.7026791141773651,1,0
54,2,1,1,1,11500,0.0,286.0,360.0,0.0,3,1,0.7999740417683158,1,0
55,1,1,1,2,2708,1167.0,97.0,360.0,1.0,2,2,0.7672614019660857,1,1
56,1,1,1,2,2132,1591.0,96.0,360.0,1.0,2,0,0.790348556466163,1,1
57,1,1,1,2,3366,2200.0,135.0,360.0,1.0,1,0,0.8881586114459638,1,0
58,1,1,1,2,8080,2250.0,180.0,360.0,1.0,3,1,0.7520354147161127,1,1
59,1,1,2,2,3357,2859.0,144.0,360.0,1.0,3,2,0.8634054560823957,1,1
60,1,1,1,2,2500,3796.0,120.0,360.0,1.0,3,0,0.8021860538710295,1,1
61,1,1,1,2,3029,0.0,99.0,360.0,1.0,3,3,0.7751814647633464,1,1
62,1,1,2,1,2609,3449.0,165.0,180.0,0.0,1,0,0.6524634985112574,1,0
63,1,1,1,2,4945,0.0,128.0,360.0,0.0,1,1,0.8786978996591779,1,0
64,2,2,1,2,4166,0.0,116.0,360.0,0.0,2,0,0.8019346700791126,1,0
65,1,1,1,2,5726,4595.0,258.0,360.0,1.0,2,0,0.17763107026891917,0,0
66,1,2,2,2,3200,2254.0,126.0,180.0,0.0,3,0,0.7517240810644499,1,0
67,1,1,1,2,10750,0.0,312.0,360.0,1.0,3,1,0.776242882470158,1,1
68,1,1,2,1,7100,0.0,125.0,60.0,1.0,3,3,0.780542638634444,1,1
69,2,2,1,2,4300,0.0,136.0,360.0,0.0,2,0,0.811252520486297,1,0
70,1,1,1,2,3208,3066.0,172.0,360.0,1.0,3,0,0.696765165282463,1,1
71,1,1,2,1,1875,1875.0,97.0,360.0,1.0,2,2,0.10875906015408959,0,1
72,1,2,1,2,3500,0.0,81.0,300.0,1.0,2,0,0.7671607127927922,1,1
73,1,1,2,2,4755,0.0,95.0,360.0,0.0,2,3,0.8326058714543375,1,0
74,1,1,1,1,5266,1774.0,187.0,360.0,1.0,2,3,0.7925198244970831,1,1
75,1,2,1,2,3750,0.0,113.0,480.0,1.0,3,0,0.14905364699377752,0,0
76,1,2,1,2,3750,4750.0,176.0,360.0,1.0,3,0,0.7656437032740798,1,0
77,1,1,1,1,1000,3022.0,110.0,360.0,1.0,3,1,0.7437053086189137,1,0
78,1,1,1,2,3167,4000.0,180.0,300.0,0.0,2,3,0.7045976373756481,1,0
79,1,1,2,1,3333,2166.0,130.0,360.0,1.0,2,3,0.9124969228287437,1,1
80,2,2,1,2,3846,0.0,111.0,360.0,1.0,2,0,0.24376695306379909,0,1
81,1,1,1,1,2395,0.0,128.0,360.0,1.0,2,1,0.648353956461488,1,1
82,2,1,1,2,1378,1881.0,167.0,360.0,1.0,3,2,0.6884773129372189,1,0
83,1,1,1,2,6000,2250.0,265.0,360.0,1.0,2,0,0.7013467438712898,1,0
84,1,1,1,2,3988,0.0,50.0,240.0,1.0,3,1,0.9045646056947753,1,1
85,1,2,1,2,2366,2531.0,136.0,360.0,1.0,2,0,0.7878041108965862,1,1
86,1,1,2,2,3333,2000.0,99.0,360.0,1.0,2,2,0.8048098668330111,1,1
87,1,1,1,2,2500,2118.0,104.0,360.0,1.0,2,0,0.7276829548637702,1,1
88,1,2,1,2,8566,0.0,210.0,360.0,1.0,3,0,0.9149129170128597,1,1
89,1,1,1,2,5695,4167.0,175.0,360.0,1.0,2,0,0.810796675565826,1,1
90,1,1,1,2,2958,2900.0,131.0,360.0,1.0,2,0,0.091305674257343,0,1
91,1,1,1,2,6250,5654.0,188.0,180.0,1.0,2,2,0.8964236326228191,1,1
92,1,1,2,2,3273,1820.0,81.0,360.0,1.0,3,2,0.11602059435324646,0,1
93,1,2,1,2,4133,0.0,122.0,360.0,1.0,2,0,0.7955397687754462,1,1
94,1,2,2,2,3620,0.0,25.0,120.0,1.0,2,0,0.08672765724468583,0,1
95,1,2,1,2,6782,0.0,128.0,360.0,1.0,3,0,0.7368993092237056,1,0
96,2,1,1,2,2484,2302.0,137.0,360.0,1.0,2,0,0.8983195158725645,1,1
97,1,1,1,2,1977,997.0,50.0,360.0,1.0,2,0,0.818470763701464,1,1
98,1,1,2,2,4188,0.0,115.0,180.0,1.0,2,0,0.8194081892491617,1,1
99,1,1,1,2,1759,3541.0,131.0,360.0,1.0,2,0,0.7419289431392426,1,1
100,1,1,2,2,4288,3263.0,133.0,180.0,1.0,3,2,0.160410911736023,0,1
101,1,2,1,2,4843,3806.0,151.0,360.0,1.0,2,0,0.7677127074664153,1,1
102,1,1,1,2,13650,0.0,128.0,360.0,1.0,3,0,0.688865691800491,1,1
103,1,1,1,2,4652,3583.0,128.0,360.0,1.0,2,0,0.8439217462519776,1,1
104,1,1,1,2,3816,754.0,160.0,360.0,1.0,3,0,0.20861319588529367,0,1
105,1,1,1,2,3052,1030.0,100.0,360.0,1.0,3,1,0.7938217206462113,1,1
106,1,1,1,2,11417,1126.0,225.0,360.0,1.0,3,2,0.7407412487963189,1,1
107,1,2,2,2,7333,0.0,120.0,360.0,1.0,1,0,0.1029167852194744,0,0
108,1,1,1,2,3800,3600.0,216.0,360.0,0.0,3,2,0.7984934048139292,1,0
109,1,1,2,2,2071,754.0,94.0,480.0,1.0,2,3,0.7281370263393339,1,1
110,1,2,1,2,5316,0.0,136.0,360.0,1.0,3,0,0.8137635117242328,1,1
111,2,1,1,2,2929,2333.0,139.0,360.0,1.0,2,0,0.7639350572887791,1,1
112,1,1,2,2,3572,4114.0,152.0,360.0,0.0,1,0,0.7544181539758925,1,0
113,2,2,1,1,7451,0.0,128.0,360.0,1.0,2,1,0.13037661375269521,0,1
114,1,2,1,2,5050,0.0,118.0,360.0,1.0,2,0,0.8083861529925466,1,1
115,1,1,1,2,14583,0.0,185.0,180.0,1.0,1,1,0.05547366418676086,0,1
116,2,1,1,2,3167,2283.0,154.0,360.0,1.0,2,0,0.1498417328048223,0,1
117,1,1,1,2,2214,1398.0,85.0,360.0,1.0,3,1,0.765603370137254,1,1
118,1,1,1,2,5568,2142.0,175.0,360.0,1.0,1,0,0.6642256187361673,1,0
119,2,2,1,2,10408,0.0,259.0,360.0,1.0,3,0,0.193787387532391,0,1
120,1,1,1,2,5667,2667.0,180.0,360.0,1.0,1,0,0.6623107454204492,1,1
121,2,2,1,2,4166,0.0,44.0,360.0,1.0,2,0,0.21378611445570844,0,1
122,2,2,1,2,2137,8980.0,137.0,360.0,0.0,2,0,0.7829182241162701,1,1
123,1,1,1,2,2957,0.0,81.0,360.0,1.0,2,2,0.8032777835888559,1,1
124,1,1,2,2,4300,2014.0,194.0,360.0,1.0,1,0,0.7144364610718299,1,1
125,2,2,1,2,3692,0.0,93.0,360.0,1.0,1,0,0.827664647461888,1,1
126,1,1,1,2,23803,0.0,370.0,360.0,1.0,1,3,0.1358005495350129,0,1
127,1,2,1,2,3865,1640.0,128.0,360.0,1.0,1,0,0.7314047647176732,1,1
128,1,1,1,1,10513,3850.0,160.0,180.0,0.0,3,1,0.15147252009479584,0,0
129,1,1,1,2,6080,2569.0,182.0,360.0,1.0,1,0,0.7746736701045823,1,0
130,1,2,1,1,20166,0.0,650.0,480.0,1.0,3,0,0.80210729421796,1,1
131,1,2,1,2,2014,1929.0,74.0,360.0,1.0,3,0,0.7676738866925074,1,1
132,1,2,1,2,2718,0.0,70.0,360.0,1.0,2,0,0.8051937830746445,1,1
133,1,1,1,1,3459,0.0,25.0,120.0,1.0,2,0,0.8387715212844636,1,1
134,1,2,1,2,4895,0.0,102.0,360.0,1.0,2,0,0.8232779886141373,1,1
135,1,1,1,2,4000,7750.0,290.0,360.0,1.0,2,3,0.7766686093807318,1,0
136,2,1,1,2,4583,0.0,84.0,360.0,1.0,1,0,0.700187090447878,1,0
137,1,1,1,1,3316,3500.0,88.0,360.0,1.0,3,2,0.8118351511546344,1,1
138,1,2,1,2,14999,0.0,242.0,360.0,0.0,2,0,0.7939734613197506,1,0
139,1,1,2,2,4200,1430.0,129.0,360.0,1.0,1,2,0.8044309726193126,1,0
140,1,1,1,2,5042,2083.0,185.0,360.0,1.0,1,2,0.9324215183175066,1,0
141,1,2,1,2,5417,0.0,168.0,360.0,1.0,3,0,0.7171204523570412,1,1
142,1,2,1,1,6950,0.0,175.0,180.0,1.0,2,0,0.7346037997697275,1,1
143,1,1,1,2,2698,2034.0,122.0,360.0,1.0,2,0,0.7384055451159894,1,1
144,1,1,1,2,11757,0.0,187.0,180.0,1.0,3,2,0.7928007071962274,1,1
145,2,1,1,2,2330,4486.0,100.0,360.0,1.0,2,0,0.6551797308756756,1,1
146,2,1,1,2,14866,0.0,70.0,360.0,1.0,3,2,0.10077846628744569,0,1
147,1,1,1,2,1538,1425.0,30.0,360.0,1.0,3,1,0.7755682563206187,1,1
148,2,2,1,2,10000,1666.0,225.0,360.0,1.0,1,0,0.6687819231226684,1,0
149,1,1,1,2,4860,830.0,125.0,360.0,1.0,2,0,0.7289808432583926,1,1
150,1,2,1,2,6277,0.0,118.0,360.0,0.0,1,0,0.8787348693303081,1,0
151,1,1,1,1,2577,3750.0,152.0,360.0,1.0,1,0,0.8195560756938618,1,1
152,1,2,1,2,9166,0.0,244.0,360.0,1.0,3,0,0.10432870322631685,0,0
153,1,1,2,2,2281,0.0,113.0,360.0,1.0,1,2,0.78005459695761,1,0
154,1,2,1,2,3254,0.0,50.0,360.0,1.0,3,0,0.6976848965313038,1,1
155,1,1,1,2,39999,0.0,600.0,180.0,0.0,2,3,0.7963078917384407,1,1
156,1,1,1,2,6000,0.0,160.0,360.0,1.0,1,1,0.7120241372738361,1,1
157,1,1,1,2,9538,0.0,187.0,360.0,1.0,3,1,0.075034208465573,0,1
158,1,2,1,2,2980,2083.0,120.0,360.0,1.0,1,0,0.7492777679429801,1,1
159,1,1,1,2,4583,5625.0,255.0,360.0,1.0,2,0,0.7274129232706208,1,1
160,1,1,2,2,1863,1041.0,98.0,360.0,1.0,2,0,0.7300306203519423,1,1
161,1,1,1,2,7933,0.0,275.0,360.0,1.0,3,0,0.7972946452105963,1,0
162,1,1,1,2,3089,1280.0,121.0,360.0,0.0,2,1,0.81625478266164,1,0
163,1,1,1,2,4167,1447.0,158.0,360.0,1.0,1,2,0.7454917751049928,1,1
164,1,1,1,2,9323,0.0,75.0,180.0,1.0,3,0,0.816641690294953,1,1
165,1,1,1,2,3707,3166.0,182.0,360.0,1.0,1,0,0.742104186525982,1,1
166,2,1,1,2,4583,0.0,112.0,360.0,1.0,1,0,0.9061886269788101,1,0
167,1,1,1,2,2439,3333.0,129.0,360.0,1.0,1,0,0.7775206144065608,1,1
168,1,2,1,2,2237,0.0,63.0,480.0,0.0,2,0,0.7905164323972275,1,0
169,1,1,1,2,8000,0.0,200.0,360.0,1.0,2,2,0.8161353765640849,1,1
170,1,1,2,2,1820,1769.0,95.0,360.0,1.0,1,0,0.7813145042676801,1,1
171,1,1,1,2,51763,0.0,700.0,300.0,1.0,3,3,0.7967872971746972,1,1
172,1,1,2,2,3522,0.0,81.0,180.0,1.0,1,3,0.706041818837637,1,0
173,1,1,1,2,5708,5625.0,187.0,360.0,1.0,2,0,0.7692581916772205,1,1
174,1,1,2,1,4344,736.0,87.0,360.0,1.0,2,0,0.7683253539611544,1,0
175,1,1,1,2,3497,1964.0,116.0,360.0,1.0,1,0,0.6646636160987021,1,1
176,1,1,1,2,2045,1619.0,101.0,360.0,1.0,1,2,0.09836938153974942,0,1
177,1,1,1,2,5516,11300.0,495.0,360.0,0.0,2,3,0.7858594264035998,1,0
178,1,1,1,2,3750,0.0,116.0,360.0,1.0,2,1,0.10864870909843978,0,1
179,1,2,2,2,2333,1451.0,102.0,480.0,0.0,3,0,0.7688844004512774,1,0
180,1,1,1,2,6400,7250.0,180.0,360.0,0.0,3,1,0.8371805003303104,1,0
181,1,2,1,2,1916,5063.0,67.0,360.0,1.0,1,0,0.7886732261600647,1,0
182,1,1,1,2,4600,0.0,73.0,180.0,1.0,2,0,0.14086076435370137,0,1
183,1,1,1,2,33846,0.0,260.0,360.0,1.0,2,1,0.8185073599930427,1,0
184,2,1,1,2,3625,0.0,108.0,360.0,1.0,2,0,0.1931566176120492,0,1
185,1,1,1,1,39147,4750.0,120.0,360.0,1.0,2,0,0.7873245645415432,1,1
186,1,1,1,1,2178,0.0,66.0,300.0,0.0,1,1,0.7750219020853247,1,0
187,1,1,1,2,2383,2138.0,58.0,360.0,1.0,1,0,0.7860648085207321,1,1
188,1,1,1,1,674,5296.0,168.0,360.0,1.0,1,0,0.8340439197931886,1,1
189,1,1,1,2,9328,0.0,188.0,180.0,1.0,1,0,0.8138421018359934,1,1
190,1,2,2,2,4885,0.0,48.0,360.0,1.0,1,0,0.13330201378352677,0,1
191,1,2,1,2,12000,0.0,164.0,360.0,1.0,2,0,0.8430328026810988,1,0
192,1,1,2,2,6033,0.0,160.0,360.0,1.0,3,0,0.7472582088116494,1,0
193,1,2,1,2,3858,0.0,76.0,360.0,1.0,2,0,0.8418044060260237,1,1
194,1,2,1,2,4191,0.0,120.0,360.0,1.0,1,0,0.7845802339489306,1,1
195,1,1,1,2,3125,2583.0,170.0,360.0,1.0,2,1,0.7952275775096316,1,0
196,1,2,1,2,8333,3750.0,187.0,360.0,1.0,1,0,0.9089574435883094,1,1
197,2,2,2,2,1907,2365.0,120.0,360.0,1.0,3,0,0.6912651100932297,1,1
198,2,1,1,2,3416,2816.0,113.0,360.0,1.0,2,0,0.7791020075838144,1,1
199,1,2,1,1,11000,0.0,83.0,360.0,1.0,3,0,0.7709057291451021,1,0
200,1,1,2,2,2600,2500.0,90.0,360.0,1.0,2,1,0.8199565551163077,1,1
201,1,2,1,2,4923,0.0,166.0,360.0,0.0,2,2,0.7629100145175,1,1
202,1,1,2,2,3992,0.0,128.0,180.0,1.0,3,3,0.7186919574297443,1,0
203,1,1,2,2,3500,1083.0,135.0,360.0,1.0,3,1,0.9223084655647489,1,1
204,1,1,2,2,3917,0.0,124.0,360.0,1.0,2,2,0.7990768744614075,1,1
205,2,2,2,2,4408,0.0,120.0,360.0,1.0,2,0,0.1437406099888736,0,1
206,2,2,1,2,3244,0.0,80.0,360.0,1.0,3,0,0.15904845682268548,0,1
207,1,2,2,2,3975,2531.0,55.0,360.0,1.0,1,0,0.8218916913257329,1,1
208,1,2,1,2,2479,0.0,59.0,360.0,1.0,3,0,0.6521604719832549,1,1
209,1,2,1,2,3418,0.0,127.0,360.0,1.0,2,0,0.7978685712887958,1,0
210,2,2,1,2,10000,0.0,214.0,360.0,1.0,2,0,0.818624732194957,1,0
211,1,1,1,2,3430,1250.0,128.0,360.0,0.0,2,3,0.15185239740215872,0,0
212,1,1,1,1,7787,0.0,240.0,360.0,1.0,3,1,0.9419861810982935,1,1
213,1,1,2,1,5703,0.0,130.0,360.0,1.0,1,3,0.7684533563658782,1,1
214,1,1,1,2,3173,3021.0,137.0,360.0,1.0,3,0,0.4809994920007932,0,1
215,1,1,2,2,3850,983.0,100.0,360.0,1.0,2,3,0.7555340817111237,1,1
216,1,1,1,2,150,1800.0,135.0,360.0,1.0,1,0,0.7191597508644438,1,0
217,1,1,1,2,3727,1775.0,131.0,360.0,1.0,2,0,0.14557325804714116,0,1
218,1,1,1,2,5000,0.0,72.0,360.0,0.0,2,2,0.8244782621925362,1,0
219,2,1,1,2,4283,2383.0,127.0,360.0,1.0,2,2,0.8097703532284345,1,1
220,1,1,1,2,2221,0.0,60.0,360.0,0.0,3,0,0.12481917364871138,0,0
221,1,1,1,2,4009,1717.0,116.0,360.0,1.0,2,2,0.6679786737701405,1,1
222,1,2,1,2,2971,2791.0,144.0,360.0,1.0,2,0,0.7287805743629618,1,1
223,1,1,1,2,7578,1010.0,175.0,360.0,1.0,2,0,0.7161432265092017,1,1
224,1,1,1,2,6250,0.0,128.0,360.0,1.0,2,0,0.46580731403493286,0,1
225,1,1,1,2,3250,0.0,170.0,360.0,1.0,1,0,0.7087796415580936,1,0
226,1,1,2,1,4735,0.0,138.0,360.0,1.0,3,0,0.7565718519006958,1,0
227,1,1,1,2,6250,1695.0,210.0,360.0,1.0,2,2,0.8066903376187866,1,1
228,1,1,1,2,4758,0.0,158.0,480.0,1.0,2,0,0.14737528407373382,0,1
229,1,2,1,1,6400,0.0,200.0,360.0,1.0,1,0,0.8173834969900574,1,1
230,1,1,1,2,2491,2054.0,104.0,360.0,1.0,2,1,0.6850556799314387,1,1
231,1,1,1,2,3716,0.0,42.0,180.0,1.0,1,0,0.7979579812149485,1,1
232,1,2,2,2,3189,2598.0,120.0,360.0,1.0,1,0,0.8056187844075281,1,1
233,2,2,1,2,8333,0.0,280.0,360.0,1.0,2,0,0.8701145135918951,1,1
234,1,1,1,2,3155,1779.0,140.0,360.0,1.0,2,1,0.7486102854075745,1,1
235,1,1,1,2,5500,1260.0,170.0,360.0,1.0,1,1,0.8503490427249403,1,1
236,1,1,1,2,5746,0.0,255.0,360.0,1.0,3,0,0.20447032296565912,0,0
237,2,2,1,1,3463,0.0,122.0,360.0,1.0,3,0,0.8204218583937425,1,1
238,2,2,1,2,3812,0.0,112.0,360.0,1.0,1,1,0.7711535902847767,1,1
239,1,1,1,2,3315,0.0,96.0,360.0,1.0,2,1,0.7528433575745783,1,1
240,1,1,1,2,5819,5000.0,120.0,360.0,1.0,1,2,0.8014913261334105,1,1
241,1,1,2,2,2510,1983.0,140.0,180.0,1.0,3,1,0.7322391660245008,1,0
242,1,2,1,2,2965,5701.0,155.0,60.0,1.0,3,0,0.7797011309669877,1,1
243,1,1,1,1,6250,1300.0,108.0,360.0,1.0,1,2,0.7893690201137972,1,1
244,1,1,2,2,3406,4417.0,123.0,360.0,1.0,2,0,0.7367744063887989,1,1
245,1,2,1,1,6050,4333.0,120.0,180.0,1.0,3,0,0.08809613830467454,0,0
246,1,1,1,2,9703,0.0,112.0,360.0,1.0,3,2,0.7260357113701654,1,1
247,1,1,2,2,6608,0.0,137.0,180.0,1.0,3,1,0.6781176005809662,1,1
248,1,1,1,2,2882,1843.0,123.0,480.0,1.0,2,1,0.8023155786330299,1,1
249,1,1,1,2,1809,1868.0,90.0,360.0,1.0,3,0,0.721739576495134,1,1
250,1,1,2,2,1668,3890.0,201.0,360.0,0.0,2,0,0.7949019961525896,1,0
251,2,2,1,2,3427,0.0,138.0,360.0,1.0,3,2,0.842758700606229,1,0
252,1,2,2,1,2583,2167.0,104.0,360.0,1.0,1,0,0.8484114546761896,1,1
253,1,1,2,2,2661,7101.0,279.0,180.0,1.0,2,1,0.7834688708035501,1,1
254,1,2,1,1,16250,0.0,192.0,360.0,0.0,3,0,0.11712663906898989,0,0
255,2,2,1,2,3083,0.0,255.0,360.0,1.0,1,3,0.8209544139314673,1,1
256,1,2,2,2,6045,0.0,115.0,360.0,0.0,1,0,0.7410218832662631,1,0
257,1,1,1,2,5250,0.0,94.0,360.0,1.0,3,3,0.7845818526193281,1,0
258,1,1,1,2,14683,2100.0,304.0,360.0,1.0,1,0,0.8262616416665844,1,0
259,1,1,2,2,4931,0.0,128.0,360.0,1.0,2,3,0.730662769290022,1,0
260,1,1,1,2,6083,4250.0,330.0,360.0,1.0,3,1,0.6355359680561525,1,1
261,1,2,1,2,2060,2209.0,134.0,360.0,1.0,2,0,0.9238325990949415,1,1
262,2,2,1,2,3481,0.0,155.0,36.0,1.0,2,1,0.8089348940558186,1,0
263,2,2,1,2,7200,0.0,120.0,360.0,1.0,1,0,0.7633408933851751,1,1
264,1,2,1,1,5166,0.0,128.0,360.0,1.0,2,0,0.7841649559385956,1,1
265,1,2,1,2,4095,3447.0,151.0,360.0,1.0,1,0,0.743067962937277,1,1
266,1,1,1,2,4708,1387.0,150.0,360.0,1.0,2,2,0.1685713720177366,0,1
267,1,1,1,2,4333,1811.0,160.0,360.0,0.0,3,3,0.8043256830070026,1,1
268,2,2,1,2,3418,0.0,135.0,360.0,1.0,1,0,0.8217987237809223,1,0
269,2,2,1,2,2876,1560.0,90.0,360.0,1.0,3,1,0.7698082466483557,1,1
270,2,2,1,2,3237,0.0,30.0,360.0,1.0,3,0,0.8209353886774436,1,1
271,1,1,1,2,11146,0.0,136.0,360.0,1.0,3,0,0.8102746590184259,1,1
272,1,2,1,2,2833,1857.0,126.0,360.0,1.0,1,0,0.7770602724986225,1,1
273,1,1,1,2,2620,2223.0,150.0,360.0,1.0,2,0,0.7955837784817984,1,1
274,1,1,1,2,3900,0.0,90.0,360.0,1.0,2,2,0.7844381153958028,1,1
275,1,1,1,2,2750,1842.0,115.0,360.0,1.0,2,1,0.7216015953989542,1,1
276,1,1,1,2,3993,3274.0,207.0,360.0,1.0,2,0,0.17495304041139983,0,1
277,1,1,1,2,3103,1300.0,80.0,360.0,1.0,3,0,0.7871579285327086,1,1
278,1,1,1,2,14583,0.0,436.0,360.0,1.0,2,0,0.1651210097750581,0,1
279,2,1,2,2,4100,0.0,124.0,360.0,1.0,1,0,0.8500781396979076,1,1
280,1,2,2,1,4053,2426.0,158.0,360.0,0.0,3,1,0.11605108444569329,0,0
281,1,1,1,2,3927,800.0,112.0,360.0,1.0,2,0,0.8455670119993395,1,1
282,1,1,1,2,2301,985.7999878,78.0,180.0,1.0,3,2,0.8092249624355445,1,1
283,2,2,1,2,1811,1666.0,54.0,360.0,1.0,3,0,0.809374037346704,1,1
284,1,1,1,2,20667,0.0,128.0,360.0,1.0,1,0,0.9061232825438825,1,0
285,1,2,1,2,3158,3053.0,89.0,360.0,1.0,1,0,0.7637902211562229,1,1
286,2,2,1,1,2600,1717.0,99.0,300.0,1.0,2,0,0.8233905453588682,1,0
287,1,1,1,2,3704,2000.0,120.0,360.0,1.0,1,0,0.7398784682846508,1,1
288,2,2,1,2,4124,0.0,115.0,360.0,1.0,2,0,0.7603492183101255,1,1
289,1,2,1,2,9508,0.0,187.0,360.0,1.0,1,0,0.7201072615405891,1,1
290,1,1,1,2,3075,2416.0,139.0,360.0,1.0,1,0,0.1373067977747436,0,1
291,1,1,1,2,4400,0.0,127.0,360.0,0.0,2,2,0.8041383526677236,1,0
292,1,1,1,2,3153,1560.0,134.0,360.0,1.0,3,2,0.7470872592222331,1,1
293,2,2,1,2,5417,0.0,143.0,480.0,0.0,3,0,0.7851925876602034,1,0
294,1,1,1,2,2383,3334.0,172.0,360.0,1.0,2,0,0.7550684597135683,1,1
295,1,1,1,2,4416,1250.0,110.0,360.0,1.0,3,3,0.8035301740531692,1,1
296,1,1,1,2,6875,0.0,200.0,360.0,1.0,2,1,0.7526063923579381,1,1
297,2,1,1,2,4666,0.0,135.0,360.0,1.0,3,1,0.71930553329787,1,1
298,2,2,1,2,5000,2541.0,151.0,480.0,1.0,1,0,0.12040449604939125,0,0
299,1,1,1,2,2014,2925.0,113.0,360.0,1.0,3,1,0.7765406204768737,1,0
300,1,1,2,2,1800,2934.0,93.0,360.0,0.0,3,0,0.8171020633903057,1,0
301,1,1,2,2,2875,1750.0,105.0,360.0,1.0,2,0,0.5644716568763579,1,1
302,2,2,1,2,5000,0.0,132.0,360.0,1.0,1,0,0.7417400511891735,1,1
303,1,1,1,2,1625,1803.0,96.0,360.0,1.0,3,1,0.7429554744893598,1,1
304,1,2,1,2,4000,2500.0,140.0,360.0,1.0,1,0,0.7314542343674191,1,1
305,1,2,2,2,2000,0.0,128.0,360.0,1.0,3,0,0.8991170825711511,1,0
306,2,2,1,2,3762,1666.0,135.0,360.0,1.0,1,0,0.8981323401334116,1,1
307,2,2,1,2,2400,1863.0,104.0,360.0,0.0,3,0,0.7989304363138771,1,0
308,1,2,1,2,20233,0.0,480.0,360.0,1.0,1,0,0.7466937609469174,1,0
309,1,1,2,2,7667,0.0,185.0,360.0,1.0,1,2,0.7433391911871744,1,1
310,2,2,1,2,2917,0.0,84.0,360.0,1.0,2,0,0.7955138843631099,1,1
311,1,2,2,2,2927,2405.0,111.0,360.0,1.0,2,0,0.7375352125105715,1,1
312,2,2,1,2,2507,0.0,56.0,360.0,1.0,1,0,0.7936946684822561,1,1
313,1,1,1,1,5746,0.0,144.0,84.0,1.0,1,2,0.7813227867289158,1,1
314,1,1,1,2,2473,1843.0,159.0,360.0,1.0,1,0,0.6633809696687113,1,0
315,1,1,2,2,3399,1640.0,111.0,180.0,1.0,3,1,0.7869865183200391,1,1
316,1,1,1,2,3717,0.0,120.0,360.0,1.0,2,2,0.11095563320559951,0,1
317,1,1,1,2,2058,2134.0,88.0,360.0,1.0,3,0,0.7418623904323869,1,1
318,2,2,1,2,3541,0.0,112.0,360.0,1.0,2,1,0.8072931477249018,1,1
319,1,1,1,1,10000,0.0,155.0,360.0,1.0,1,1,0.7763015434161327,1,0
320,1,1,1,2,2400,2167.0,115.0,360.0,1.0,2,0,0.7241425877340322,1,1
321,1,1,1,2,4342,189.0,124.0,360.0,1.0,2,3,0.8225094518519359,1,1
322,1,1,2,2,3601,1590.0,128.0,360.0,1.0,1,2,0.8428129158627186,1,1
323,2,2,1,2,3166,2985.0,132.0,360.0,1.0,1,0,0.14418792638268393,0,1
324,1,1,1,2,15000,0.0,300.0,360.0,1.0,1,3,0.660994060633319,1,1
325,1,1,1,1,8666,4983.0,376.0,360.0,0.0,1,1,0.11202383407049324,0,0
326,1,2,1,2,4917,0.0,130.0,360.0,0.0,1,0,0.789325287294238,1,1
327,1,1,1,1,5818,2160.0,184.0,360.0,1.0,2,0,0.8209710487896056,1,1
328,2,1,1,2,4333,2451.0,110.0,360.0,1.0,3,0,0.6687139723826151,1,0
329,2,2,1,2,2500,0.0,67.0,360.0,1.0,3,0,0.666444006607563,1,1
330,1,2,1,2,4384,1793.0,117.0,360.0,1.0,3,1,0.8132874988257625,1,1
331,1,2,1,2,2935,0.0,98.0,360.0,1.0,2,0,0.7961728336625842,1,1
332,1,2,1,2,2833,0.0,71.0,360.0,1.0,3,0,0.7585214143317798,1,1
333,1,1,1,2,63337,0.0,490.0,180.0,1.0,3,0,0.7199069629705561,1,1
334,1,1,1,1,9833,1833.0,182.0,180.0,1.0,3,1,0.7944985311326013,1,1
335,1,1,1,1,5503,4490.0,70.0,360.0,1.0,2,0,0.12137667475673325,0,1
336,1,1,1,2,5250,688.0,160.0,360.0,1.0,1,1,0.8170684037651622,1,1
337,1,1,1,1,2500,4600.0,176.0,360.0,1.0,1,2,0.7923618069664341,1,1
338,2,2,2,2,1830,0.0,128.0,360.0,0.0,3,3,0.7310061370028001,1,0
339,2,2,1,2,4160,0.0,71.0,360.0,1.0,2,0,0.79108121243221,1,1
340,1,1,2,2,2647,1587.0,173.0,360.0,1.0,1,3,0.8039746402067024,1,0
341,2,2,1,2,2378,0.0,46.0,360.0,1.0,1,0,0.8037932934772241,1,0
342,1,1,2,2,4554,1229.0,158.0,360.0,1.0,3,1,0.7683641669465817,1,1
343,1,1,2,2,3173,0.0,74.0,360.0,1.0,2,3,0.7629207507393782,1,1
344,1,1,1,2,2583,2330.0,125.0,360.0,1.0,1,2,0.8205616491316293,1,1
345,1,1,1,2,2499,2458.0,160.0,360.0,1.0,2,0,0.7941002908844733,1,1
346,1,1,2,2,3523,3230.0,152.0,360.0,0.0,1,0,0.7262543575550595,1,0
347,1,1,2,2,3083,2168.0,126.0,360.0,1.0,3,2,0.8719858528079905,1,1
348,1,1,1,2,6333,4583.0,259.0,360.0,1.0,2,0,0.13288634399293348,0,1
349,1,1,1,2,2625,6250.0,187.0,360.0,1.0,1,0,0.7875479271529315,1,1
350,1,1,1,2,9083,0.0,228.0,360.0,1.0,2,0,0.7776697534965865,1,1
351,1,2,1,2,8750,4167.0,308.0,360.0,1.0,1,0,0.816631863772715,1,0
352,1,1,1,2,2666,2083.0,95.0,360.0,1.0,1,3,0.7197854265578884,1,1
353,2,1,1,1,5500,0.0,105.0,360.0,0.0,1,0,0.7549090249012187,1,0
354,2,1,1,2,2423,505.0,130.0,360.0,1.0,2,0,0.7931928945193708,1,1
355,2,2,1,2,3813,0.0,116.0,180.0,1.0,3,0,0.6521279378015997,1,1
356,1,1,1,2,8333,3167.0,165.0,360.0,1.0,1,2,0.7728467933926411,1,1
357,1,1,1,2,3875,0.0,67.0,360.0,1.0,3,1,0.6253707805851261,1,0
358,1,1,2,2,3000,1666.0,100.0,480.0,0.0,3,0,0.727834841378726,1,0
359,1,1,1,2,5167,3167.0,200.0,360.0,1.0,2,3,0.9067666904502665,1,1
360,2,2,1,2,4723,0.0,81.0,360.0,1.0,2,1,0.7187860261594955,1,0
361,1,1,1,2,5000,3667.0,236.0,360.0,1.0,2,2,0.7118102869320201,1,1
362,1,1,1,2,4750,2333.0,130.0,360.0,1.0,3,0,0.7772683357454393,1,1
363,1,1,1,2,3013,3033.0,95.0,300.0,1.0,3,0,0.7954870588052121,1,1
364,1,2,1,1,6822,0.0,141.0,360.0,1.0,1,0,0.7309781938678478,1,1
365,1,2,2,2,6216,0.0,133.0,360.0,1.0,1,0,0.7811609584423721,1,0
366,1,2,1,2,2500,0.0,96.0,480.0,1.0,2,0,0.8279336839392828,1,0
367,1,2,1,2,5124,0.0,124.0,360.0,0.0,1,0,0.8176853022383405,1,0
368,1,1,1,2,6325,0.0,175.0,360.0,1.0,2,1,0.749762379598386,1,1
369,1,1,1,2,19730,5266.0,570.0,360.0,1.0,1,0,0.23473460259175857,0,0
370,2,2,1,1,15759,0.0,55.0,360.0,1.0,2,0,0.7071988475320075,1,1
371,1,1,1,2,5185,0.0,155.0,360.0,1.0,2,2,0.09889545964133686,0,1
372,1,1,1,1,9323,7873.0,380.0,300.0,1.0,1,2,0.6988277268876212,1,1
373,1,2,1,2,3062,1987.0,111.0,180.0,0.0,3,1,0.08538028057880825,0,0
374,2,2,1,2,2764,1459.0,110.0,360.0,1.0,3,0,0.7253790071042073,1,1
375,1,1,1,2,4817,923.0,120.0,180.0,1.0,3,0,0.7984712848690589,1,1
376,1,1,1,2,8750,4996.0,130.0,360.0,1.0,1,3,0.8384091537168711,1,1
377,1,1,1,2,4310,0.0,130.0,360.0,1.0,2,0,0.8050499668906679,1,1
378,1,2,1,2,3069,0.0,71.0,480.0,1.0,3,0,0.7988686951188424,1,0
379,1,1,1,2,5391,0.0,130.0,360.0,1.0,3,2,0.7926398825294353,1,1
380,1,1,1,2,3333,2500.0,128.0,360.0,1.0,2,0,0.8441620731931524,1,1
381,1,2,1,2,5941,4232.0,296.0,360.0,1.0,2,0,0.7306734505844918,1,1
382,2,2,1,2,6000,0.0,156.0,360.0,1.0,3,0,0.8729378426620683,1,1
383,1,2,1,1,7167,0.0,128.0,360.0,1.0,3,0,0.7378607801342463,1,1
384,1,1,1,2,4566,0.0,100.0,360.0,1.0,3,2,0.7636992518300648,1,0
385,1,2,1,2,3667,0.0,113.0,180.0,1.0,3,1,0.7948836815181639,1,1
386,1,2,2,2,2346,1600.0,132.0,360.0,1.0,2,0,0.06373794543963397,0,1
387,1,1,2,2,3010,3136.0,128.0,360.0,0.0,3,0,0.7943846715656999,1,0
388,1,1,1,2,2333,2417.0,136.0,360.0,1.0,3,0,0.7654169225418594,1,1
389,1,1,1,2,5488,0.0,125.0,360.0,1.0,1,0,0.9346884628363203,1,1
390,1,2,1,2,9167,0.0,185.0,360.0,1.0,1,3,0.758413351018316,1,1
391,1,1,1,2,9504,0.0,275.0,360.0,1.0,1,3,0.8504513886563587,1,1
392,1,1,1,2,2583,2115.0,120.0,360.0,1.0,3,0,0.807857369342974,1,1
393,1,1,2,2,1993,1625.0,113.0,180.0,1.0,2,2,0.7972460036418754,1,1
394,1,1,1,2,3100,1400.0,113.0,360.0,1.0,3,2,0.800384275444137,1,1
395,1,1,1,2,3276,484.0,135.0,360.0,1.0,2,2,0.7865037565865066,1,1
396,2,2,1,2,3180,0.0,71.0,360.0,0.0,3,0,0.9143575514709066,1,0
397,1,1,1,2,3033,1459.0,95.0,360.0,1.0,3,0,0.7212594973810831,1,1
398,1,2,2,2,3902,1666.0,109.0,360.0,1.0,1,0,0.8007211001788448,1,1
399,2,2,1,2,1500,1800.0,103.0,360.0,0.0,2,0,0.14393347401815382,0,0
400,1,1,2,2,2889,0.0,45.0,180.0,0.0,3,2,0.8059043203018129,1,0
401,1,2,2,2,2755,0.0,65.0,300.0,1.0,1,0,0.7979855340791617,1,0
402,1,2,1,2,2500,20000.0,103.0,360.0,1.0,2,0,0.7245282221005932,1,1
403,2,2,2,2,1963,0.0,53.0,360.0,1.0,2,0,0.17072650910935014,0,1
404,2,2,1,1,7441,0.0,194.0,360.0,1.0,1,0,0.7986758793738745,1,0
405,2,2,1,2,4547,0.0,115.0,360.0,1.0,2,0,0.7816616962341723,1,1
406,1,1,2,2,2167,2400.0,115.0,360.0,1.0,3,0,0.8277345879108946,1,1
407,2,2,2,2,2213,0.0,66.0,360.0,1.0,1,0,0.7658162001327771,1,1
408,1,1,1,2,8300,0.0,152.0,300.0,0.0,2,1,0.751714368150768,1,0
409,1,1,1,2,81000,0.0,360.0,360.0,0.0,1,3,0.8216191492410624,1,0
410,2,2,2,1,3867,0.0,62.0,360.0,1.0,2,1,0.8689812744755344,1,0
411,1,1,1,2,6256,0.0,160.0,360.0,1.0,3,0,0.8225970445151976,1,1
412,1,1,2,2,6096,0.0,218.0,360.0,0.0,1,0,0.4834948091259647,0,0
413,1,1,2,2,2253,2033.0,110.0,360.0,1.0,1,0,0.09780954663624476,0,1
414,2,1,2,2,2149,3237.0,178.0,360.0,0.0,2,0,0.9024958102440944,1,0
415,2,2,1,2,2995,0.0,60.0,360.0,1.0,3,0,0.804141611461187,1,1
416,2,2,1,2,2600,0.0,160.0,360.0,1.0,3,1,0.7956124674036406,1,0
417,1,1,1,1,1600,20000.0,239.0,360.0,1.0,3,2,0.7503010117976349,1,0
418,1,1,1,2,1025,2773.0,112.0,360.0,1.0,1,0,0.1150049951568043,0,1
419,1,1,1,2,3246,1417.0,138.0,360.0,1.0,2,0,0.81015056106164,1,1
420,1,1,1,2,5829,0.0,138.0,360.0,1.0,1,0,0.10568285874461221,0,1
421,2,2,2,2,2720,0.0,80.0,360.0,0.0,3,0,0.8037420736295972,1,0
422,1,1,1,2,1820,1719.0,100.0,360.0,1.0,3,0,0.08683483232980536,0,1
423,1,1,1,2,7250,1667.0,110.0,360.0,0.0,3,1,0.7026573982195629,1,0
424,1,1,1,2,14880,0.0,96.0,360.0,1.0,2,0,0.7822722846457829,1,1
425,1,1,1,2,2666,4300.0,121.0,360.0,1.0,1,0,0.791159540209539,1,1
426,2,2,2,2,4606,0.0,81.0,360.0,1.0,1,1,0.8014195965382611,1,0
427,1,1,1,2,5935,0.0,133.0,360.0,1.0,2,2,0.6950444854339735,1,1
428,1,1,1,2,2920,16.12000084,87.0,360.0,1.0,1,0,0.22051283946209782,0,1
429,1,2,2,2,2717,0.0,60.0,180.0,1.0,3,0,0.7778678723669276,1,1
430,2,2,1,1,8624,0.0,150.0,360.0,1.0,2,1,0.8020629175026032,1,1
431,1,2,1,2,6500,0.0,105.0,360.0,0.0,1,0,0.11173454573583474,0,0
432,1,2,1,2,12876,0.0,405.0,360.0,1.0,2,0,0.7667442763919344,1,1
433,1,1,1,2,2425,2340.0,143.0,360.0,1.0,2,0,0.8305937653851333,1,1
434,1,2,1,2,3750,0.0,100.0,360.0,1.0,3,0,0.7712167189018715,1,1
435,2,1,1,2,10047,0.0,128.0,240.0,1.0,2,0,0.7444085254113684,1,1
436,1,2,1,2,1926,1851.0,50.0,360.0,1.0,2,0,0.8981954822616683,1,1
437,1,1,1,2,2213,1125.0,128.0,360.0,1.0,3,0,0.6547576432892124,1,1
438,1,2,1,1,10416,0.0,187.0,360.0,0.0,3,0,0.855168809696047,1,0
439,2,1,2,1,7142,0.0,138.0,360.0,1.0,1,0,0.8173055047644777,1,1
440,1,2,1,2,3660,5064.0,187.0,360.0,1.0,2,0,0.7616653911120261,1,1
441,1,1,1,2,7901,1833.0,180.0,360.0,1.0,1,0,0.7844084750822369,1,1
442,1,2,2,2,4707,1993.0,148.0,360.0,1.0,2,3,0.1623116942229144,0,1
443,1,2,1,2,37719,0.0,152.0,360.0,1.0,2,1,0.788021253210092,1,1
444,1,1,1,2,7333,8333.0,175.0,300.0,1.0,1,0,0.8067344629141819,1,1
445,1,1,1,1,3466,1210.0,130.0,360.0,1.0,1,1,0.8261104015226541,1,1
446,1,1,2,2,4652,0.0,110.0,360.0,1.0,1,2,0.8202495746088415,1,1
447,1,1,1,2,3539,1376.0,55.0,360.0,1.0,1,0,0.6287826140846252,1,0
448,1,1,1,2,3340,1710.0,150.0,360.0,0.0,1,2,0.8404443303342339,1,0
449,1,2,2,1,2769,1542.0,190.0,360.0,1.0,2,1,0.8040373528218687,1,0
450,1,1,2,2,2309,1255.0,125.0,360.0,0.0,1,2,0.7624143556204788,1,0
451,1,1,2,2,1958,1456.0,60.0,300.0,1.0,3,2,0.7930483279895663,1,1
452,1,1,1,2,3948,1733.0,149.0,360.0,0.0,1,0,0.7513348796417728,1,0
453,1,1,1,2,2483,2466.0,90.0,180.0,0.0,1,0,0.1340904020159363,0,1
454,1,2,1,1,7085,0.0,84.0,360.0,1.0,2,0,0.8212572698799827,1,1
455,1,1,1,2,3859,0.0,96.0,360.0,1.0,2,2,0.7319841558211204,1,1
456,1,1,1,2,4301,0.0,118.0,360.0,1.0,3,0,0.22769860595406247,0,1
457,1,1,1,2,3708,2569.0,173.0,360.0,1.0,3,0,0.7232646519074639,1,0
458,1,2,1,2,4354,0.0,136.0,360.0,1.0,1,2,0.8312116385266843,1,1
459,1,1,1,2,8334,0.0,160.0,360.0,1.0,2,0,0.8217242905697645,1,0
460,1,1,1,1,2083,4083.0,160.0,360.0,1.0,2,0,0.6626666864403742,1,1
461,1,1,1,2,7740,0.0,128.0,180.0,1.0,3,3,0.730416430754897,1,1
462,1,1,1,2,3015,2188.0,153.0,360.0,1.0,1,0,0.6992186241729046,1,1
463,2,2,2,2,5191,0.0,132.0,360.0,1.0,2,1,0.7259886687266142,1,1
464,1,2,1,2,4166,0.0,98.0,360.0,0.0,2,0,0.7843073058947554,1,0
465,1,2,1,2,6000,0.0,140.0,360.0,1.0,1,0,0.7048491275094648,1,1
466,1,1,2,2,2947,1664.0,70.0,180.0,0.0,3,3,0.8001836744498206,1,0
467,1,1,1,2,16692,0.0,110.0,360.0,1.0,2,0,0.16829048163034147,0,1
468,2,1,2,2,210,2917.0,98.0,360.0,1.0,2,2,0.8314508186231697,1,1
469,1,1,1,2,4333,2451.0,110.0,360.0,1.0,3,0,0.04946016216640182,0,0
470,1,1,1,1,3450,2079.0,162.0,360.0,1.0,2,1,0.782285172071627,1,1
471,1,1,2,2,2653,1500.0,113.0,180.0,0.0,1,1,0.13478632463806894,0,0
472,1,1,1,2,4691,0.0,100.0,360.0,1.0,2,3,0.12725653049585053,0,1
473,2,2,1,1,2500,0.0,93.0,360.0,1.0,3,0,0.9001868616130732,1,1
474,1,2,1,2,5532,4648.0,162.0,360.0,1.0,1,2,0.8181770455936637,1,1
475,1,1,1,1,16525,1014.0,150.0,360.0,1.0,1,2,0.7593557148352822,1,1
476,1,1,1,2,6700,1750.0,230.0,300.0,1.0,2,2,0.7236474999918422,1,1
477,1,1,1,2,2873,1872.0,132.0,360.0,0.0,2,2,0.8052489382355916,1,0
478,1,1,1,1,16667,2250.0,86.0,360.0,1.0,2,1,0.7030824600190154,1,1
479,1,1,1,2,2947,1603.0,128.0,360.0,1.0,3,2,0.12081005900400439,0,0
480,2,2,2,2,4350,0.0,154.0,360.0,1.0,1,0,0.7842158302801471,1,1
481,1,1,2,2,3095,0.0,113.0,360.0,1.0,1,3,0.16732911811652976,0,1
482,1,1,1,2,2083,3150.0,128.0,360.0,1.0,2,0,0.27087648839829487,0,1
483,1,1,1,2,10833,0.0,234.0,360.0,1.0,2,0,0.8147740324603586,1,1
484,1,1,1,2,8333,0.0,246.0,360.0,1.0,2,2,0.7897571396465132,1,1
485,1,1,2,2,1958,2436.0,131.0,360.0,1.0,1,1,0.8096312315432272,1,1
486,1,2,1,2,3547,0.0,80.0,360.0,0.0,1,2,0.8287949499963249,1,0
487,1,1,1,2,18333,0.0,500.0,360.0,1.0,3,1,0.6324156954726093,1,0
488,1,1,1,1,4583,2083.0,160.0,360.0,1.0,2,2,0.7556280505847839,1,1
489,1,2,1,2,2435,0.0,75.0,360.0,1.0,3,0,0.7612974651858876,1,0
490,1,2,2,2,2699,2785.0,96.0,360.0,1.0,2,0,0.8148365920102422,1,1
491,1,1,2,2,5333,1131.0,186.0,360.0,1.0,3,1,0.7511152296988697,1,1
492,1,2,2,2,3691,0.0,110.0,360.0,1.0,1,0,0.8010852472575195,1,1
493,2,2,2,1,17263,0.0,225.0,360.0,1.0,2,0,0.743757144331995,1,1
494,1,1,1,2,3597,2157.0,119.0,360.0,0.0,1,0,0.8129398647934344,1,0
495,2,1,1,2,3326,913.0,105.0,84.0,1.0,2,1,0.806150772388938,1,1
496,1,1,2,2,2600,1700.0,107.0,360.0,1.0,1,0,0.14434595245580842,0,1
497,1,1,1,2,4625,2857.0,111.0,12.0,1.0,3,0,0.890197238274273,1,1
498,1,1,1,1,2895,0.0,95.0,360.0,1.0,2,1,0.7011955157565716,1,1
499,1,2,1,2,6283,4416.0,209.0,360.0,0.0,1,0,0.12258121025157036,0,0
500,2,2,1,2,645,3683.0,113.0,480.0,1.0,1,0,0.7878539910588123,1,1
501,2,2,1,2,3159,0.0,100.0,360.0,1.0,2,0,0.8057977710289875,1,1
502,1,1,1,2,4865,5624.0,208.0,360.0,1.0,2,2,0.7952521551366762,1,1
503,1,1,2,2,4050,5302.0,138.0,360.0,1.0,1,1,0.7643237921682533,1,0
504,1,1,2,2,3814,1483.0,124.0,300.0,1.0,2,0,0.7453555090011025,1,1
505,1,1,1,2,3510,4416.0,243.0,360.0,1.0,1,2,0.8443743217451604,1,1
506,1,1,1,2,20833,6667.0,480.0,360.0,1.0,3,0,0.8394711546382991,1,1
507,1,2,1,2,3583,0.0,96.0,360.0,1.0,3,0,0.5886043565181056,1,0
508,1,1,1,1,2479,3013.0,188.0,360.0,1.0,3,0,0.6583186723429538,1,1
509,2,2,1,2,13262,0.0,40.0,360.0,1.0,3,1,0.7832434772985596,1,1
510,1,2,2,2,3598,1287.0,100.0,360.0,1.0,1,0,0.10242294818071297,0,0
511,1,1,1,2,6065,2004.0,250.0,360.0,1.0,2,1,0.17339854862905393,0,1
512,1,1,1,2,3283,2035.0,148.0,360.0,1.0,3,2,0.7932528457801953,1,1
513,1,1,1,2,2130,6666.0,70.0,180.0,1.0,2,0,0.7667717875216117,1,0
514,1,2,1,2,5815,3666.0,311.0,360.0,1.0,1,0,0.7659967961727349,1,0
515,1,1,1,2,3466,3428.0,150.0,360.0,1.0,1,3,0.8061534409390542,1,1
516,2,1,1,2,2031,1632.0,113.0,480.0,1.0,2,2,0.7693099748593518,1,1
517,1,1,2,2,3074,1800.0,123.0,360.0,0.0,2,0,0.6833233101122496,1,0
518,1,2,1,2,4683,1915.0,185.0,360.0,1.0,2,0,0.7499286300051841,1,0
519,2,2,2,2,3400,0.0,95.0,360.0,1.0,1,0,0.14591861393987898,0,0
520,1,1,2,2,2192,1742.0,45.0,360.0,1.0,2,2,0.1547480927214431,0,1
521,1,2,1,2,2500,0.0,55.0,360.0,1.0,2,0,0.8071131596586458,1,1
522,1,1,1,1,5677,1424.0,100.0,360.0,1.0,1,3,0.7006829649110333,1,1
523,1,1,1,1,7948,7166.0,480.0,360.0,1.0,1,2,0.7262090941117362,1,1
524,1,2,1,2,4680,2087.0,128.0,360.0,1.0,2,0,0.787983984108968,1,0
525,1,1,1,1,17500,0.0,400.0,360.0,1.0,1,2,0.7874574054006019,1,1
526,1,1,1,2,3775,0.0,110.0,360.0,1.0,2,0,0.10790881057822288,0,1
527,1,1,2,2,5285,1430.0,161.0,360.0,0.0,2,1,0.7748268233320302,1,1
528,1,2,2,2,2679,1302.0,94.0,360.0,1.0,2,1,0.6402207356010203,1,1
529,1,2,2,2,6783,0.0,130.0,360.0,1.0,2,0,0.8258335314569638,1,1
530,1,1,1,2,1025,5500.0,216.0,360.0,1.0,1,0,0.7445795550222515,1,1
531,1,1,1,2,4281,0.0,100.0,360.0,1.0,3,3,0.8167583936151113,1,1
532,1,2,1,2,3588,0.0,110.0,360.0,0.0,1,2,0.129839523387091,0,0
533,1,2,1,2,11250,0.0,196.0,360.0,1.0,2,1,0.9304045520690435,1,0
534,2,2,2,1,18165,0.0,125.0,360.0,1.0,3,0,0.7378544692869807,1,1
535,1,2,2,2,2550,2042.0,126.0,360.0,1.0,1,0,0.7802843581352112,1,1
536,1,1,1,2,6133,3906.0,324.0,360.0,1.0,3,0,0.698031838031876,1,1
537,1,2,1,2,3617,0.0,107.0,360.0,1.0,2,2,0.819915354718123,1,1
538,1,1,2,2,2917,536.0,66.0,360.0,1.0,1,0,0.8008548211528576,1,0
539,1,1,1,2,6417,0.0,157.0,180.0,1.0,1,3,0.7935219559872861,1,1
540,2,1,1,2,4608,2845.0,140.0,180.0,1.0,2,1,0.7205946198585361,1,1
541,2,2,1,2,2138,0.0,99.0,360.0,0.0,2,0,0.7499679456780967,1,0
542,2,2,1,2,3652,0.0,95.0,360.0,1.0,2,1,0.8100505290108082,1,1
543,1,1,2,2,2239,2524.0,128.0,360.0,1.0,3,1,0.7256959763765279,1,1
544,2,1,2,2,3017,663.0,102.0,360.0,1.0,2,0,0.7349449711854453,1,1
545,1,1,1,2,2768,1950.0,155.0,360.0,1.0,1,0,0.7838241229016617,1,1
546,1,2,2,2,3358,0.0,80.0,36.0,1.0,2,0,0.7429371760534194,1,0
547,1,2,1,2,2526,1783.0,145.0,360.0,1.0,1,0,0.8239288730676858,1,1
548,2,2,1,2,5000,0.0,103.0,360.0,0.0,2,0,0.6755909436989663,1,0
549,1,1,1,2,2785,2016.0,110.0,360.0,1.0,1,0,0.7971274635394726,1,1
550,1,1,1,1,6633,0.0,128.0,360.0,0.0,1,2,0.7578648430439934,1,0
551,1,1,2,2,2492,2375.0,128.0,360.0,1.0,1,1,0.08651864687037945,0,1
552,1,1,1,2,3333,3250.0,158.0,360.0,1.0,3,1,0.7848551587991638,1,1
553,1,1,2,2,2454,2333.0,181.0,360.0,0.0,3,0,0.7380192193074767,1,0
554,1,1,1,2,3593,4266.0,132.0,180.0,0.0,1,0,0.16671978874407486,0,0
555,1,1,1,2,5468,1032.0,26.0,360.0,1.0,2,1,0.8141639271304975,1,1
556,2,2,1,2,2667,1625.0,84.0,360.0,1.0,3,0,0.7176246623537426,1,1
557,1,1,1,1,10139,0.0,260.0,360.0,1.0,2,3,0.735040761448194,1,1
558,1,1,1,2,3887,2669.0,162.0,360.0,1.0,2,0,0.730573982201326,1,1
559,2,1,1,2,4180,2306.0,182.0,360.0,1.0,2,0,0.7653435273475291,1,1
560,1,1,2,2,3675,242.0,108.0,360.0,1.0,2,2,0.6543271367836225,1,1
561,2,1,1,1,19484,0.0,600.0,360.0,1.0,2,1,0.7054521620051857,1,1
562,1,1,1,2,5923,2054.0,211.0,360.0,1.0,1,0,0.8402340500374114,1,1
563,1,2,2,1,5800,0.0,132.0,360.0,1.0,2,0,0.702746865690887,1,1
564,1,1,1,2,8799,0.0,258.0,360.0,0.0,3,2,0.8710651600433951,1,0
565,1,1,2,2,4467,0.0,120.0,360.0,1.0,1,0,0.8305351683917893,1,1
566,1,2,1,2,3333,0.0,70.0,360.0,1.0,3,0,0.7829708064596174,1,1
567,1,1,1,2,3400,2500.0,123.0,360.0,0.0,1,3,0.29070689551129475,0,0
568,2,2,1,2,2378,0.0,9.0,360.0,1.0,3,0,0.6505606290661891,1,0
569,1,1,1,2,3166,2064.0,104.0,360.0,0.0,3,0,0.8332905458834571,1,0
570,1,1,1,2,3417,1750.0,186.0,360.0,1.0,3,1,0.15109549247452106,0,1
571,1,1,1,2,5116,1451.0,165.0,360.0,0.0,3,0,0.6365814200076895,1,0
572,1,1,1,2,16666,0.0,275.0,360.0,1.0,3,2,0.7567100101904474,1,1
573,1,1,2,2,6125,1625.0,187.0,480.0,1.0,2,2,0.7416576402094752,1,0
574,1,1,1,2,6406,0.0,150.0,360.0,1.0,2,3,0.8135415544789547,1,0
575,1,1,1,2,3159,461.0,108.0,84.0,1.0,3,2,0.6970943461442625,1,1
576,1,1,1,2,3087,2210.0,136.0,360.0,0.0,2,0,0.9469731297931939,1,0
577,1,2,1,2,3229,2739.0,110.0,360.0,1.0,3,0,0.7953389333144457,1,1
578,1,1,1,2,1782,2232.0,107.0,360.0,1.0,1,1,0.7081117907645008,1,1
579,1,2,1,2,3182,2917.0,161.0,360.0,1.0,3,0,0.8787498362436718,1,1
580,1,1,1,2,6540,0.0,205.0,360.0,1.0,2,2,0.8004828404563795,1,1
581,1,2,1,2,1836,33837.0,90.0,360.0,1.0,3,0,0.7720614156365265,1,0
582,2,1,1,2,3166,0.0,36.0,360.0,1.0,2,0,0.7901369615529121,1,1
583,1,1,1,2,1880,0.0,61.0,360.0,1.0,1,1,0.9105441235294303,1,0
584,1,1,1,2,2787,1917.0,146.0,360.0,0.0,1,1,0.14449179610967178,0,0
585,1,1,1,2,4283,3000.0,172.0,84.0,1.0,1,1,0.7990627353480394,1,0
586,1,1,1,2,2297,1522.0,104.0,360.0,1.0,3,0,0.15776234995089503,0,1
587,2,2,2,2,2165,0.0,70.0,360.0,1.0,2,0,0.8465316257311405,1,1
588,1,2,1,2,4750,0.0,94.0,360.0,1.0,2,0,0.7260242043927406,1,1
589,1,1,1,1,2726,0.0,106.0,360.0,0.0,2,2,0.7441851207208028,1,0
590,1,1,1,2,3000,3416.0,56.0,180.0,1.0,2,0,0.8215319857789243,1,1
591,1,1,1,1,6000,0.0,205.0,240.0,1.0,2,2,0.7740708860847181,1,0
592,1,2,1,1,9357,0.0,292.0,360.0,1.0,2,3,0.8185768027575647,1,1
593,1,1,1,2,3859,3300.0,142.0,180.0,1.0,1,0,0.7524456326141556,1,1
594,1,1,1,1,16120,0.0,260.0,360.0,1.0,3,0,0.8272164510534813,1,1
595,1,2,2,2,3833,0.0,110.0,360.0,1.0,1,0,0.8191695230530518,1,1
596,1,1,2,1,6383,1000.0,187.0,360.0,1.0,1,2,0.7799457450062862,1,0
597,1,2,1,2,2987,0.0,88.0,360.0,0.0,2,0,0.6034185830827299,1,0
598,1,1,1,1,9963,0.0,180.0,360.0,1.0,1,0,0.8151659872981365,1,1
599,1,1,1,2,5780,0.0,192.0,360.0,1.0,3,2,0.7549028386898753,1,1
600,2,2,1,2,416,41667.0,350.0,180.0,1.0,3,3,0.8548015151365794,1,0
601,1,1,2,2,2894,2792.0,155.0,360.0,1.0,1,0,0.7022127101641875,1,1
602,1,1,1,2,5703,0.0,128.0,360.0,1.0,3,3,0.783734732143656,1,1
603,1,2,1,2,3676,4301.0,172.0,360.0,1.0,1,0,0.6848032245995352,1,1
604,2,1,1,2,12000,0.0,496.0,360.0,1.0,2,1,0.8268908497694637,1,1
605,1,1,2,2,2400,3800.0,128.0,180.0,1.0,3,0,0.08536634030620037,0,0
606,1,1,1,2,3400,2500.0,173.0,360.0,1.0,2,1,0.26649119472758315,0,1
607,1,1,2,2,3987,1411.0,157.0,360.0,1.0,1,2,0.7986673875373621,1,1
608,1,1,1,2,3232,1950.0,108.0,360.0,1.0,1,0,0.7346422579754763,1,1
609,2,2,1,2,2900,0.0,71.0,360.0,1.0,1,0,0.6976541933651862,1,1
610,1,1,1,2,4106,0.0,40.0,180.0,1.0,1,3,0.7486853191972643,1,1
611,1,1,1,2,8072,240.0,253.0,360.0,1.0,3,1,0.7626773210990433,1,1
612,1,1,1,2,7583,0.0,187.0,360.0,1.0,3,2,0.21228514524550918,0,1
613,2,2,1,1,4583,0.0,133.0,360.0,0.0,2,0,0.8132646267410804,1,0
